"Demo01 Game01 ","Demo01","Dem@Us3R01","0"
"Demo02 Game02","Demo02","Dem@Us3R02","0"
"Demo03 Game03","Demo03","Dem@Us3R03","0"
"Demo04 Game04","Demo04","Dem@Us3R04","0"
"Demo05 Game05","Demo05","Dem@Us3R05","0"
"Demo08 Game08","Demo08","Dem@Us3R08","0"
"Demo09 Game09","Demo09","Dem@Us3R09","0"
"Demo010 Game10","Demo10","Dem@Us3R10","0"
"John","Demo31","qqq111QQQ!!!","0"
"Dominic","Demo41","qqq111QQQ!!!","0"
"Demo51","Demo51","qqq111QQQ!!!","0"
"Demo6 Game6","Demo06","Dem@Us3R06","0"
"","Demo07","","0"
